sample_id,cluster_id,size,mean,std
311252-TP2-2,0,44,0.688979419,0.048962471
311252-TC1,0,44,0.995411704,0.008077055
311252-TC2,0,44,0.727373736,0.031809424
311252-V,0,44,0.999681555,0.001810656
311252-S,0,44,0.845003116,0.082720829
311252-TP1,0,44,0.994082349,0.009295145
