Chromosome,Start,Sample,CCF
1,109815731,SRR3670033,0.676360658
1,109815731,SRR3670034,0.582160058
1,109815731,SRR3670035,0.622683955
1,109815731,SRR3670036,0.475421755
1,109815731,SRR3670037,0.649355529
