Patient_ID,Tumor_Sample_Barcode,Chromosome,Start_Position,CCF,CCF_Std
HCC5647,T4,22,43190575,0.61129925572972,0.197135560586529
HCC5647,T5,22,43190575,0.623955553137915,0.195239969257916
HCC5647,T3,22,43190575,0.512141355057113,0.177512751910576
HCC5647,T1,22,43190575,0.689192384588648,0.216222535384305
HCC5647,T4,5,178224614,0.766880555852247,0.0908572162242958
HCC5647,T5,5,178224614,0.776092750482125,0.0864071222943562
